Ref,Val,Package,MidX,MidY,Rotation,Side
"D1","WS2812B","LED_WS2812B_PLCC4_5.0x5.0mm_P3.2mm",184.494000,-80.756000,0.000000,top
"D2","WS2812B","LED_WS2812B_PLCC4_5.0x5.0mm_P3.2mm",184.494000,-86.868000,0.000000,top
"D3","WS2812B","LED_WS2812B_PLCC4_5.0x5.0mm_P3.2mm",184.494000,-92.964000,0.000000,top
"G***","LOGO","JLCPCB",138.684000,-79.248000,0.000000,top
"LEFT","SW_Push","SW_PUSH-12mm_Wuerth-430476085716",142.875000,-91.440000,180.000000,top
"RIGHT","SW_Push","SW_PUSH-12mm_Wuerth-430476085716",174.679000,-91.440000,180.000000,top
"RUN","SW_Push","SW_PUSH-12mm_Wuerth-430476085716",158.777000,-91.440000,180.000000,top
